Name,Mean,MeanLB,MeanUB,Stddev,StddevLB,StddevUB
decode-1MB-Base64Pad-ByteLazy,2.0249641187002577e-3,2.0213139945426833e-3,2.0287345968794846e-3,1.3267500179036136e-5,1.0546299653577762e-5,1.9060320344527828e-5
decode-1MB-Base64Pad-Text,2.168487953823543e-3,2.1618885069780024e-3,2.1759090824153443e-3,2.5089966952174048e-5,1.9731072286564326e-5,3.410734615472026e-5
decode-1MB-Base64Pad-TextLazy,2.1592885593634667e-3,2.151508930155987e-3,2.1658516059203966e-3,2.2272788012728844e-5,1.7715079267732483e-5,2.928747109265554e-5
decode-1MB-Base64Pad-TextShort,2.232103664280529e-3,2.22495217793727e-3,2.2378271706671206e-3,2.3245360349098595e-5,1.8811074432211025e-5,2.9316087029854015e-5
decode-1MB-Base64Pad-Byte,2.0617786209810025e-3,2.0580678993288213e-3,2.0672725784507866e-3,1.4438160764685868e-5,1.2271326792136547e-5,1.8598700012890664e-5
decode-1MB-Base64Pad-ByteShort,2.2402959066546413e-3,2.234210695639575e-3,2.2466206353100463e-3,2.2495678800321342e-5,1.812493300784624e-5,2.7299162721387136e-5
