Name,Mean,MeanLB,MeanUB,Stddev,StddevLB,StddevUB
encode-1MB-Base64Pad-ByteLazy,4.817581187343948e-4,4.798419316534945e-4,4.8507480033142125e-4,7.434082586634667e-6,4.354817116387083e-6,1.2160730477810607e-5
encode-1MB-Base64Pad-Text,6.026379690869289e-4,5.992929064892702e-4,6.140310221347991e-4,1.670128690576588e-5,7.36796506462514e-6,3.637242545543889e-5
encode-1MB-Base64Pad-TextLazy,5.44823570615939e-4,5.427041329810479e-4,5.502848759144589e-4,1.0785799252154808e-5,4.426288967888248e-6,2.073185445748858e-5
encode-1MB-Base64Pad-TextShort,5.843517082619404e-4,5.813555479334023e-4,5.920896639150935e-4,1.5030655449826552e-5,6.741253702791406e-6,2.6180760116206214e-5
encode-1MB-Base64Pad-Byte,5.276221584929576e-4,5.252496884349813e-4,5.321329096762385e-4,1.1475454155083745e-5,5.30140250921228e-6,2.102223592572396e-5
encode-1MB-Base64Pad-ByteShort,5.837484493033034e-4,5.808664809437077e-4,5.905506502995804e-4,1.668069374491879e-5,5.8293924459002716e-6,3.0255482060136574e-5
